{"cameraMode":{"drawMode":0,"name":"Shaded","section":"Shading Mode"},"sceneLighting":true,"audioPlay":false,"sceneViewState":{"m_AlwaysRefresh":false,"showFog":true,"showSkybox":true,"showFlares":true,"showImageEffects":true,"showParticleSystems":true,"showVisualEffectGraphs":true,"m_FxEnabled":true},"in2DMode":false,"pivot":{"x":940.9849243164063,"y":1110.2369384765625,"z":-1438.7286376953125},"rotation":{"x":-0.11253576725721359,"y":-0.02474205754697323,"z":0.002803226001560688,"w":-0.9933373928070068},"size":13.608617782592774,"orthographic":false}