{"cameraMode":{"drawMode":0,"name":"Shaded","section":"Shading Mode"},"sceneLighting":true,"audioPlay":false,"sceneViewState":{"showFog":true,"showMaterialUpdate":false,"showSkybox":true,"showFlares":true,"showImageEffects":true,"showParticleSystems":true},"in2DMode":false,"pivot":{"x":0.9817577004432678,"y":-10.544286727905274,"z":12.236263275146485},"rotation":{"x":0.37159356474876406,"y":-0.05499744415283203,"z":0.02656404674053192,"w":0.926663875579834},"size":10.920249938964844,"orthographic":false}